Alias_Name,GameCount,Standardized_Name
Airdrie Bert Church (AB),58,Airdrie Bert Church (AB)
Airdrie George McDougall (AB),60,Airdrie George McDougall (AB)
Airdrie W.H. Croxford (AB),10,Airdrie W.H. Croxford (AB)
Alberta St. Albert Paul Kane (AB),2,Alberta St. Albert Paul Kane (AB)
Androssan (AB),5,Androssan (AB)
Ardrossan (AB),76,Ardrossan (AB)
Athabasca Edwin Parr Composite (AB),53,Athabasca Edwin Parr Composite (AB)
Beaumont (AB),49,Beaumont (AB)
Beaverlodge (AB),3,Beaverlodge (AB)
Bonnyville (AB),68,Bonnyville (AB)
Breton (AB),15,Breton (AB)
Brooks (AB),59,Brooks (AB)
Calgary All Saints (AB),24,Calgary All St. s (AB)
Calgary Bishop Carroll (AB),69,Calgary Bishop Carroll (AB)
Calgary Bishop Grandin (AB),59,Calgary Bishop Grandin (AB)
Calgary Bishop O'Byrne (AB),84,Calgary Bishop O'Byrne (AB)
Calgary Bowness (AB),43,Calgary Bowness (AB)
Calgary Central Memorial (AB),47,Calgary Central Memorial (AB)
Calgary Chestermere (AB),63,Calgary Chestermere (AB)
Calgary Crescent Heights (AB),96,Calgary Crescent Heights (AB)
Calgary Dr. E.P. Scarlett (AB),59,Calgary Dr. E.P. Scarlett (AB)
Calgary Ernest Manning (AB),91,Calgary Ernest Manning (AB)
Calgary Forest Lawn (AB),59,Calgary Forest Lawn (AB)
Calgary Forest Lawn-Jack James (AB),1,Calgary Forest Lawn-Jack James (AB)
Calgary Henry Wise Wood (AB),101,Calgary Henry Wise Wood (AB)
Calgary James Fowler (AB),30,Calgary James Fowler (AB)
Calgary Joane Cardinal-Schubert (AB),9,Calgary Joane Cardinal-Schubert (AB)
Calgary John G. Diefenbaker (AB),64,Calgary John G. Diefenbaker (AB)
Calgary Lester B. Pearson (AB),8,Calgary Lester B. Pearson (AB)
Calgary Lord Beaverbrook (AB),63,Calgary Lord Beaverbrook (AB)
Calgary North Trail (AB),9,Calgary North Trail (AB)
Calgary Notre Dame (AB),114,Calgary Notre Dame (AB)
Calgary Our Lady of the Rockies (AB),1,Calgary Our Lady of the Rockies (AB)
Calgary Robert Thirsk (AB),33,Calgary Robert Thirsk (AB)
Calgary Rundle (AB),62,Calgary Rundle (AB)
Calgary Rundle College Academy (AB),1,Calgary Rundle College Academy (AB)
Calgary Saint Francis (AB),1,Calgary St. Francis (AB)
Calgary Sir Winston Churchill (AB),104,Calgary Sir Winston Churchill (AB)
Calgary Southern Alberta (AB),1,Calgary Southern Alberta (AB)
Calgary Springbank (AB),62,Calgary Springbank (AB)
Calgary St. Francis (AB),2,Calgary St. Francis (AB)
Calgary St. Mary's (AB),81,Calgary St. Mary's (AB)
Calgary Western Canada (AB),58,Calgary Western Canada (AB)
Calgary William Aberhart (AB),81,Calgary William Aberhart (AB)
Camrose (AB),55,Camrose (AB)
Camrose Calgary Our Lady of the Rockies (AB),6,Camrose Calgary Our Lady of the Rockies (AB)
Canmore (AB),50,Canmore (AB)
Cardston (AB),85,Cardston (AB)
Caroline Cougars (AB),8,Caroline Cougars (AB)
Carstairs (AB),4,Carstairs (AB)
Centennial (AB),85,Centennial (AB)
Charles Spencer (AB),9,Charles Spencer (AB)
Chestermere (AB),1,Chestermere (AB)
Churchill-Bowness (AB),16,Churchill-Bowness (AB)
Claresholm Willow Creek (AB),76,Claresholm Willow Creek (AB)
Coaldale Kate Andrews (AB),41,Coaldale Kate Andrews (AB)
Cochrane (AB),89,Cochrane (AB)
Cochrane Bow Valley (AB),72,Cochrane Bow Valley (AB)
Cochrane Saint Timothy (AB),18,Cochrane St.  Timothy (AB)
Cold Lake (AB),40,Cold Lake (AB)
Cold Lake Grand Centre (AB),36,Cold Lake Grand Centre (AB)
cole Lacombe Composite (AB),52,Lacombe Ecole Lacombe Composite (AB)
Comp Miners (AB),3,Comp Miners (AB)
Corchrane (AB),1,Corchrane (AB)
Cranbrook Mount Baker (AB),3,Cranbrook Mt. Baker (AB)
Crescent Hts. (AB),8,Crescent Hts. (AB)
Drayton Valley Community Outreach (AB),15,Drayton Valley Community Outreach (AB)
Drayton Valley Frank Maddock (AB),9,Drayton Valley Frank Maddock (AB)
Drumheller Valley (AB),76,Drumheller Valley (AB)
Ecole Lacombe Composite (AB),16,Lacombe Ecole Lacombe Composite (AB)
Edmonton Archbishop O'Leary (AB),61,Edmonton Archbishop O'Leary (AB)
Edmonton Austin O'Brien (AB),85,Edmonton Austin O'Brien (AB)
Edmonton Eastglen (AB),38,Edmonton Eastglen (AB)
Edmonton Harry Ainlay (AB),82,Edmonton Harry Ainlay (AB)
Edmonton Holy Trinity (AB),59,Edmonton Holy Trinity (AB)
Edmonton J. Percy Paige (AB),40,Edmonton J. Percy Paige (AB)
Edmonton Jasper Place (AB),64,Edmonton Jasper Place (AB)
Edmonton L.Y. Carins (AB),6,Edmonton L.Y. Carins (AB)
Edmonton LaZerte (AB),2,Edmonton LaZerte (AB)
Edmonton Lillian Osborne (AB),8,Edmonton Lillian Osborne (AB)
Edmonton M. E. LaZerte (AB),66,Edmonton M. E. LaZerte (AB)
Edmonton M.E.LaZerte (AB),4,Edmonton M. E. LaZerte (AB)
Edmonton McNally (AB),69,Edmonton McNally (AB)
Edmonton McNally-Lacombe (AB),52,Edmonton McNally-Lacombe (AB)
Edmonton Millwoods Christian (AB),15,Edmonton Millwoods Christian (AB)
Edmonton Queen Elizabeth (AB),48,Edmonton Queen Elizabeth (AB)
Edmonton Ross Shepard (AB),1,Edmonton Ross Sheppard (AB)
Edmonton Ross Sheppard (AB),60,Edmonton Ross Sheppard (AB)
Edmonton Saint Francis Xavier (AB),61,Edmonton St. Xavier (AB)
Edmonton Saint Joseph (AB),30,Edmonton St. Joseph (AB)
Edmonton Sheppard (AB),3,Edmonton Sheppard (AB)
Edmonton St. Joseph's (AB),81,Edmonton St. Joseph's (AB)
Edmonton W.P. Wagner (AB),50,Edmonton W.P. Wagner (AB)
Edson Holy Redeemer (AB),6,Edson Holy Redeemer (AB)
Father Mercredi (AB),6,Fort McMurray Father Patrick Mercredi (AB)
Fort McMurray Composite (AB),17,Fort McMurray Composite (AB)
Fort McMurray Father Patrick Mercredi (AB),8,Fort McMurray Father Patrick Mercredi (AB)
Fort McMurray Holy Trinity (AB),6,Fort McMurray Holy Trinity (AB)
Fort Mcmurray Westwood (AB),7,Fort Mcmurray Westwood (AB)
Fort Saskatchewan (AB),61,Fort Saskatchewan (AB)
Frank Maddock (AB),8,Frank Maddock (AB)
Ft. Mac Comp (AB),1,Fort McMurray Composite (AB)
Grande Prairie (AB),3,Grande Prairie Composite (AB)
Grande Prairie Composite (AB),59,Grande Prairie Composite (AB)
Grande Prairie Peace Wapiti (AB),52,Grande Prairie Peace Wapiti (AB)
Grande Prairie St. Joseph's Catholic (AB),4,Grande Prairie St. Joseph's Catholic (AB)
Hanna Charyk (AB),2,Hanna Charyk (AB)
Hanna J.C. Charyk (AB),7,Hanna J.C. Charyk (AB)
High Prairie (AB),22,High Prairie (AB)
High River Highwood (AB),51,High River Highwood (AB)
Hilltop Whitecourt (AB),52,Hilltop Whitecourt (AB)
Hinton Harry Collinge (AB),13,Hinton Harry Collinge (AB)
"Holy Cross, SK (AB)",1,Holy Cross (SK)
Holy Trinity (AB),1,Holy Trinity (AB)
HTA - MPE region (AB),1,HTA - MPE region (AB)
Innisfail (AB),8,Innisfail (AB)
John Diefenbaker - Calgary (AB),1,John Diefenbaker - Calgary (AB)
"Kelowna, BC (AB)",1,Kelowna (BC)
Lac La Biche J.A. Williams (AB),12,Lac La Biche J.A. Williams (AB)
Leduc Composite (AB),61,Leduc Composite (AB)
Lester B. Pearson (AB),17,Lester B. Pearson (AB)
Lethbridge (AB),109,Lethbridge (AB)
Lethbridge Catholic Central (AB),82,Lethbridge Catholic Central (AB)
Lethbridge Chinook (AB),63,Lethbridge Chinook (AB)
Lethbridge Churchill (AB),2,Lethbridge Churchill (AB)
Lloydminster Comprehensive (AB),70,Lloydminster Comprehensive (AB)
Lloydminster Holy Rosary (AB),87,Lloydminster Holy Rosary (AB)
MCLA (AB),12,MCLA (AB)
Medicine Hat (AB),79,Medicine Hat (AB)
Medicine Hat Crescent Heights (AB),40,Medicine Hat Crescent Heights (AB)
Medicine Hat McCoy (AB),56,Medicine Hat McCoy (AB)
Namao Sturgeon Composite (AB),9,Namao Sturgeon Composite (AB)
Okotoks Foothills Composite (AB),2,Okotoks Foothills Composite (AB)
Okotoks Holy Trinity Academy (AB),61,Okotoks Holy Trinity Academy (AB)
Olds (AB),43,Olds (AB)
Our Lady of Mount Pleasant Catholic (AB),6,Our Lady of Mount Pleasant Catholic (AB)
Peace River (AB),60,Peace River (AB)
Pincer Creek Matthew Halton (AB),1,Pincher Creek Matthew Halton (AB)
Pincher Creek Matthew Halton (AB),45,Pincher Creek Matthew Halton (AB)
Pleasanton Foothills (AB),57,Pleasanton Foothills (AB)
Ponoka Composite (AB),42,Ponoka Composite (AB)
Raymond (AB),91,Raymond (AB)
Red Deer (AB),1,Red Deer (AB)
Red Deer ?cole Secondaire Notre Dame (AB),8,Red Deer Ecole Secondaire Notre Dame (AB)
Red Deer cole Secondaire Notre Dame (AB),55,Red Deer Ecole Secondaire Notre Dame (AB)
Red Deer Hunting Hills (AB),74,Red Deer Hunting Hills (AB)
Red Deer Lindsay Thurber (AB),56,Red Deer Lindsay Thurber (AB)
Regina Dr. Martin Leboldus (AB),1,Regina Dr. Martin Leboldus (AB)
Regina Miller Comprehensive Catholic (AB),1,Regina Miller Comprehensive Catholic (AB)
Rimbey (AB),13,Rimbey (AB)
Rocky Mountain House West Central (AB),65,Rocky Mountain House West Central (AB)
Saint Albert Bellerose (AB),74,Saint Albert Bellerose (AB)
Saint Albert Catholic (AB),80,Saint Albert Catholic (AB)
Saint Albert Paul Kane (AB),65,Saint Albert Paul Kane (AB)
Saint Paul (AB),63,Saint Paul (AB)
Salisbury Composite (AB),78,Salisbury Composite (AB)
Scarlett-Central (AB),6,Scarlett-Central (AB)
Sedgewick Central (AB),7,Sedgewick Central (AB)
Sexsmith (AB),60,Sexsmith (AB)
Sherwood Park Archbishop Jordan (AB),67,Sherwood Park Archbishop Jordan (AB)
Sherwood Park Bev Facey (AB),83,Sherwood Park Bev Facey (AB)
Sherwood Park Salisbury (AB),3,Sherwood Park Salisbury Composite (AB)
Sherwood Park Salisbury Composite (AB),2,Sherwood Park Salisbury Composite (AB)
Slave Lake Roland Michener (AB),6,Slave Lake Roland Michener (AB)
"South Delta, BC (AB)",1,South Delta  (BC)
Spruce Grove Composite (AB),65,Spruce Grove Composite (AB)
St. Albert Kane (AB),1,Saint Albert Paul Kane (AB)
St. Francis (AB),97,St. Francis (AB)
Stettler William E. Hay Composite (AB),67,Stettler William E. Hay Composite (AB)
Strathcona (AB),54,Strathcona (AB)
Strathmore (AB),54,Strathmore (AB)
Sylvan Lake (AB),10,Sylvan Lake (AB)
Sylvan Lake H.J. Cody (AB),63,Sylvan Lake H.J. Cody (AB)
Taber W. R. Myers (AB),56,Taber W. R. Myers (AB)
Taber W.R. Myers (AB),8,Taber W. R. Myers (AB)
Three Hills Prairie Christian (AB),7,Three Hills Prairie Christian (AB)
Valleyview (AB),40,Valleyview (AB)
Vegreville Composite (AB),47,Vegreville Composite (AB)
Vermilion (AB),57,Vermilion (AB)
Vermilion J.R. Robson (AB),6,Vermilion J.R. Robson (AB)
W. H. Croxford (AB),8,Airdrie W.H. Croxford (AB)
W. R. Myers (AB),2,Taber W. R. Myers (AB)
W.H. Croxford (AB),7,Airdrie W.H. Croxford (AB)
Wainwright (AB),66,Wainwright (AB)
Westlock (AB),9,Westlock (AB)
Westlock Richard F. Staples (AB),54,Westlock Richard F. Staples (AB)
Westwood (AB),4,Westwood (AB)
Wetaskiwin Composite (AB),54,Wetaskiwin Composite (AB)
Wetaskiwin County Buck Mountain (AB),8,Wetaskiwin County Buck Mountain (AB)
